file;alt
/gallery/full/zaba-001.webp;
/gallery/full/zaba-002.webp;
/gallery/full/zaba-003.webp;
/gallery/full/zaba-004.webp;
/gallery/full/zaba-005.webp;
/gallery/full/zaba-006.webp;
/gallery/full/zaba-007.webp;
/gallery/full/zaba-008.webp;
/gallery/full/zaba-009.webp;
/gallery/full/zaba-010.webp;
/gallery/full/zaba-011.webp;
/gallery/full/zaba-012.webp;
/gallery/full/zaba-013.webp;
/gallery/full/zaba-014.webp;
/gallery/full/zaba-015.webp;
/gallery/full/zaba-016.webp;
/gallery/full/zaba-017.webp;
/gallery/full/zaba-018.webp;
/gallery/full/zaba-019.webp;
/gallery/full/zaba-020.webp;
/gallery/full/zaba-021.webp;
/gallery/full/zaba-022.webp;
/gallery/full/zaba-023.webp;
/gallery/full/zaba-024.webp;
/gallery/full/zaba-025.webp;
/gallery/full/zaba-026.webp;
/gallery/full/zaba-027.webp;
/gallery/full/zaba-028.webp;
/gallery/full/zaba-029.webp;
/gallery/full/zaba-030.webp;
/gallery/full/zaba-031.webp;
/gallery/full/zaba-032.webp;
/gallery/full/zaba-033.webp;
/gallery/full/zaba-034.webp;
/gallery/full/zaba-035.webp;
/gallery/full/zaba-036.webp;
/gallery/full/zaba-037.webp;
/gallery/full/zaba-038.webp;
/gallery/full/zaba-039.webp;
/gallery/full/zaba-040.webp;
/gallery/full/zaba-041.webp;
/gallery/full/zaba-042.webp;
/gallery/full/zaba-043.webp;
/gallery/full/zaba-044.webp;
/gallery/full/zaba-045.webp;
/gallery/full/zaba-046.webp;
/gallery/full/zaba-047.webp;
/gallery/full/zaba-048.webp;
/gallery/full/zaba-049.webp;
/gallery/full/zaba-050.webp;
/gallery/full/zaba-051.webp;
/gallery/full/zaba-052.webp;
/gallery/full/zaba-053.webp;
/gallery/full/zaba-054.webp;
